Title,Link,Description,Author,Category
"最新テクノロジー2024: AIの進化","https://example.com/article1","人工知能（AI）の最新動向と今後の展望について解説します。","山田太郎","テクノロジー"
"健康的なライフスタイルの秘訣","https://example.com/article2","日常生活で取り入れたい健康習慣とその効果について紹介します。","佐藤花子","健康"
"東京で訪れるべき観光スポット10選","https://example.com/article3","東京で人気の観光地や隠れた名所を厳選してご紹介します。","鈴木次郎","旅行"
"最新映画レビュー: 『スターライト』","https://example.com/article4","話題の映画『スターライト』の魅力と見どころを詳しくレビューします。","田中美咲","エンターテインメント"
"ビジネス成功のための戦略","https://example.com/article5","企業が成功を収めるための効果的なビジネス戦略を解説します。","伊藤健一","ビジネス"
"環境保護の重要性と私たちの役割","https://example.com/article6","地球環境を守るために私たちができる具体的なアクションについて考えます。","山田太郎","環境"
"料理初心者向け簡単レシピ集","https://example.com/article7","手軽に作れる美味しい料理レシピを多数紹介します。","佐藤花子","料理"
"最新スマートフォンの比較レビュー","https://example.com/article8","市場に出回っている最新スマートフォンを機能や性能で比較します。","鈴木次郎","テクノロジー"
"ヨガで心と体をリフレッシュ","https://example.com/article9","ヨガの基本ポーズとその健康効果について詳しく解説します。","田中美咲","健康"
"投資初心者のためのガイド","https://example.com/article10","これから投資を始める人向けの基本知識とアドバイスを提供します。","伊藤健一","ビジネス"
"旅行計画の立て方とおすすめ先","https://example.com/article11","理想的な旅行プランの作り方とおすすめの旅行先をご紹介します。","山田太郎","旅行"
"最新ファッション2024: トレンド分析","https://example.com/article12","2024年のファッショントレンドを分析し、注目すべきスタイルを提案します。","佐藤花子","ファッション"
"効果的な時間管理術","https://example.com/article13","日常生活や仕事で活用できる時間管理のテクニックを紹介します。","鈴木次郎","自己啓発"
"健康維持に役立つサプリメント","https://example.com/article14","健康をサポートするためのおすすめサプリメントとその効果について解説します。","田中美咲","健康"
"デジタルマーケティングの最新動向","https://example.com/article15","デジタルマーケティングの最新トレンドと効果的な活用方法を紹介します。","伊藤健一","マーケティング"
"家庭菜園の始め方とコツ","https://example.com/article16","初心者でも簡単に始められる家庭菜園の基本と成功のコツを解説します。","山田太郎","ガーデニング"
"最新ガジェットレビュー","https://example.com/article17","最新のガジェットを実際に使用し、その機能と性能をレビューします。","佐藤花子","テクノロジー"
"ストレス解消法の紹介","https://example.com/article18","日常生活で取り入れられる効果的なストレス解消法を紹介します。","鈴木次郎","健康"
"ペットの健康管理ガイド","https://example.com/article19","愛犬や愛猫の健康を維持するためのケア方法と注意点を解説します。","田中美咲","ペット"
"ホームオフィスの快適な作り方","https://example.com/article20","自宅での仕事環境を快適に整えるためのアイデアとヒントを提供します。","伊藤健一","ビジネス"
"最新ゲームレビュー: 『ファンタジークエスト』","https://example.com/article21","人気ゲーム『ファンタジークエスト』の魅力とプレイ感を詳しくレビューします。","山田太郎","エンターテインメント"
"エコライフのすすめ","https://example.com/article22","環境に優しい生活を送るための具体的な方法とそのメリットを紹介します。","佐藤花子","環境"
"ビデオ会議の効率的な活用方法","https://example.com/article23","リモートワークで欠かせないビデオ会議を効率的に活用するためのコツを解説します。","鈴木次郎","ビジネス"
"初心者向けプログラミング入門","https://example.com/article24","プログラミングを始めたい人のための基本的な知識と学習方法を紹介します。","田中美咲","テクノロジー"
"最新音楽アルバムレビュー","https://example.com/article25","最近リリースされた注目の音楽アルバムをレビューし、その魅力をお伝えします。","伊藤健一","エンターテインメント"
"自転車メンテナンスの基本","https://example.com/article26","自転車を長持ちさせるための基本的なメンテナンス方法を解説します。","山田太郎","スポーツ"
"働き方改革とその影響","https://example.com/article27","働き方改革が企業や従業員に与える影響とそのメリット・デメリットを考察します。","佐藤花子","ビジネス"
"オンライン教育のメリットと課題","https://example.com/article28","オンライン教育の利点と直面している課題について詳しく解説します。","鈴木次郎","教育"
"最新フィットネストレンド2024","https://example.com/article29","2024年のフィットネストレンドを紹介し、効果的なトレーニング方法を提案します。","田中美咲","健康"
"ホームセキュリティの強化方法","https://example.com/article30","自宅の安全を守るためのセキュリティ対策と最新の技術を紹介します。","伊藤健一","テクノロジー"
"持続可能なファッションの未来","https://example.com/article31","持続可能なファッション業界の現状と未来について考察します。","山田太郎","ファッション"
"最新ビジネス書ベストセラー紹介","https://example.com/article32","今年のビジネス書ベストセラーをピックアップし、その内容を紹介します。","佐藤花子","ビジネス"
"リモートワークの効率化ツール","https://example.com/article33","リモートワークをより効率的にするための便利なツールとその使い方を解説します。","鈴木次郎","テクノロジー"
"クラウドコンピューティングの基礎","https://example.com/article34","クラウドコンピューティングの基本概念とその利点について説明します。","田中美咲","テクノロジー"
"持ち運び便利なガジェット特集","https://example.com/article35","旅行や外出時に便利な最新ガジェットを特集し、その機能を紹介します。","伊藤健一","テクノロジー"
"アートセラピーの効果と実践方法","https://example.com/article36","アートセラピーの効果と、日常生活で取り入れる方法について解説します。","山田太郎","健康"
"スマートホーム技術の最新動向","https://example.com/article37","スマートホーム技術の最新トレンドとその活用方法を紹介します。","佐藤花子","テクノロジー"
"ペットと共に過ごす快適な生活","https://example.com/article38","ペットと共に快適に暮らすためのヒントとアイデアを提供します。","鈴木次郎","ペット"
"オンラインショッピングの賢い利用法","https://example.com/article39","オンラインショッピングを安全かつ賢く利用するためのコツを解説します。","田中美咲","ビジネス"
"最新スポーツニュースまとめ","https://example.com/article40","最近のスポーツイベントや試合結果をまとめてお伝えします。","伊藤健一","スポーツ"
"持続可能なエネルギーの未来","https://example.com/article41","再生可能エネルギーの現状と未来の展望について考察します。","山田太郎","環境"
"初心者向け写真撮影ガイド","https://example.com/article42","写真撮影を始めたい人のための基本的なテクニックと機材選びを紹介します。","佐藤花子","趣味"
"最新ヘルスケアテクノロジー","https://example.com/article43","ヘルスケア分野で注目されている最新テクノロジーとその応用例を解説します。","鈴木次郎","テクノロジー"
"自宅でできるフィットネスプログラム","https://example.com/article44","自宅で簡単に取り組めるフィットネスプログラムを紹介します。","田中美咲","健康"
"最新ビジネスインサイト: データ分析の重要性","https://example.com/article45","ビジネスにおけるデータ分析の重要性と効果的な活用方法を解説します。","伊藤健一","ビジネス"
"子育てと仕事の両立方法","https://example.com/article46","子育てと仕事をバランスよく両立させるための具体的な方法を紹介します。","山田太郎","ライフスタイル"
"最新エンターテインメントニュース","https://example.com/article47","エンターテインメント業界の最新ニュースと話題のトピックをお届けします。","佐藤花子","エンターテインメント"
"プログラミング言語Pythonの基礎","https://example.com/article48","プログラミング初心者向けにPythonの基本的な使い方を解説します。","鈴木次郎","テクノロジー"
"グリーンテクノロジーの進展","https://example.com/article49","環境に配慮したテクノロジーの最新進展とその影響について紹介します。","田中美咲","環境"
"オンラインセキュリティの基本","https://example.com/article50","インターネットを安全に利用するための基本的なセキュリティ対策を解説します。","伊藤健一","テクノロジー"
"最新ブックレビュー: 『未来を拓く技術』","https://example.com/article51","注目の書籍『未来を拓く技術』の内容とその魅力をレビューします。","山田太郎","書評"
"リーダーシップのスキル向上方法","https://example.com/article52","効果的なリーダーシップスキルを身につけるための方法を紹介します。","佐藤花子","ビジネス"
"スマートウォッチの活用術","https://example.com/article53","スマートウォッチを日常生活で効果的に活用するためのヒントを提供します。","鈴木次郎","テクノロジー"
"最新ビジネスツールの紹介","https://example.com/article54","ビジネス効率を高める最新ツールとその活用方法を紹介します。","田中美咲","ビジネス"
"初心者向けブログの始め方","https://example.com/article55","ブログを始めたい初心者向けに、基本的な設定方法と運営のコツを解説します。","伊藤健一","マーケティング"
"最新ヘッドフォンレビュー","https://example.com/article56","市場に出回っている最新ヘッドフォンの機能と音質をレビューします。","山田太郎","テクノロジー"
"都市生活と自然との調和","https://example.com/article57","都市生活の中で自然と共生するためのアイデアと取り組みを紹介します。","佐藤花子","ライフスタイル"
"最新クラウドサービス比較","https://example.com/article58","主要なクラウドサービスを機能や価格で比較し、最適な選択肢を提案します。","鈴木次郎","テクノロジー"
"メンタルヘルスの重要性","https://example.com/article59","メンタルヘルスを維持するための方法とその重要性について解説します。","田中美咲","健康"
"エコフレンドリーな生活用品","https://example.com/article60","環境に優しい生活用品を選ぶポイントとおすすめアイテムを紹介します。","伊藤健一","環境"
"最新テクノロジーによる教育改革","https://example.com/article61","テクノロジーが教育現場にもたらす変革とその効果を考察します。","山田太郎","教育"
"効率的なチームコミュニケーション方法","https://example.com/article62","チーム内でのコミュニケーションを円滑にするための効果的な方法を紹介します。","佐藤花子","ビジネス"
"最新カメラ機材レビュー","https://example.com/article63","最新のカメラ機材を実際に試用し、その性能をレビューします。","鈴木次郎","テクノロジー"
"持続可能な都市計画の事例","https://example.com/article64","世界各地で実践されている持続可能な都市計画の事例を紹介します。","田中美咲","環境"
"最新フィットネスアプリの比較","https://example.com/article65","人気のフィットネスアプリを機能や使いやすさで比較します。","伊藤健一","健康"
"オンラインプライバシーの保護方法","https://example.com/article66","インターネット上でのプライバシーを守るための具体的な方法を解説します。","山田太郎","テクノロジー"
"最新電子書籍リーダーの紹介","https://example.com/article67","市場に出ている最新の電子書籍リーダーを機能面から比較します。","佐藤花子","テクノロジー"
"家庭でできる簡単エクササイズ","https://example.com/article68","自宅で手軽に行えるエクササイズをいくつか紹介します。","鈴木次郎","健康"
"最新ビジネスセミナー情報","https://example.com/article69","2025年に開催予定の注目ビジネスセミナーをピックアップして紹介します。","田中美咲","ビジネス"
"デジタルアートの作り方","https://example.com/article70","デジタルアートを始めるための基本的なツールと技法を解説します。","伊藤健一","アート"
"最新スポーツギアのレビュー","https://example.com/article71","最新のスポーツギアを実際に使用し、その性能をレビューします。","山田太郎","スポーツ"
"持続可能な食生活の提案","https://example.com/article72","環境に配慮した持続可能な食生活を実現するためのアイデアを紹介します。","佐藤花子","環境"
"初心者向けオンラインマーケティング","https://example.com/article73","オンラインマーケティングの基本と、初心者が取り組むべき戦略を解説します。","鈴木次郎","マーケティング"
"最新バーチャルリアリティ（VR）技術","https://example.com/article74","バーチャルリアリティの最新技術とその応用例を紹介します。","田中美咲","テクノロジー"
"効果的なパーソナルブランディング","https://example.com/article75","自分自身を効果的にブランディングするための方法と戦略を解説します。","伊藤健一","自己啓発"
"最新フィンテックサービスの紹介","https://example.com/article76","注目のフィンテックサービスを紹介し、その特徴と利便性を解説します。","山田太郎","フィンテック"
"持続可能な交通手段の未来","https://example.com/article77","環境に優しい交通手段の最新動向とその未来について考察します。","佐藤花子","環境"
"オンライン学習の効果的な活用法","https://example.com/article78","オンライン学習を最大限に活用するための方法とツールを紹介します。","鈴木次郎","教育"
"最新キッチンガジェットのレビュー","https://example.com/article79","最新のキッチンガジェットを実際に試用し、その機能をレビューします。","田中美咲","テクノロジー"
"エシカル消費のすすめ","https://example.com/article80","倫理的な消費行動を促進するための方法とそのメリットを紹介します。","伊藤健一","ライフスタイル"
"最新ビジネスインテリジェンスツール","https://example.com/article81","ビジネスインテリジェンスを強化する最新ツールを紹介します。","山田太郎","テクノロジー"
"初心者向けデジタルマーケティング戦略","https://example.com/article82","デジタルマーケティングを始めたい初心者向けに、基本的な戦略を解説します。","佐藤花子","マーケティング"
"最新ウェアラブルデバイスの紹介","https://example.com/article83","市場に出ている最新のウェアラブルデバイスを機能面から紹介します。","鈴木次郎","テクノロジー"
"持続可能な建築デザインのトレンド","https://example.com/article84","環境に配慮した最新の建築デザインとそのトレンドを紹介します。","田中美咲","建築"
"効果的なSEO対策の方法","https://example.com/article85","ウェブサイトの検索エンジン最適化（SEO）を効果的に行うための方法を解説します。","伊藤健一","マーケティング"
"最新ビデオ編集ソフトの比較","https://example.com/article86","人気のビデオ編集ソフトを機能や使いやすさで比較します。","山田太郎","テクノロジー"
"リモートチームのマネジメント術","https://example.com/article87","リモートチームを効果的にマネジメントするための方法とツールを紹介します。","佐藤花子","ビジネス"
"最新電子商取引（EC）トレンド","https://example.com/article88","電子商取引の最新トレンドと今後の展望について解説します。","鈴木次郎","ビジネス"
"クリエイティブなアイデア発想法","https://example.com/article89","クリエイティブなアイデアを生み出すための効果的な発想法を紹介します。","田中美咲","自己啓発"
"最新サステナビリティプロジェクト","https://example.com/article90","世界各地で実施されている最新のサステナビリティプロジェクトを紹介します。","伊藤健一","環境"
"デジタルノマドの生活と働き方","https://example.com/article91","デジタルノマドとしての生活スタイルと効果的な働き方を解説します。","山田太郎","ライフスタイル"
"最新フィンテック技術の応用","https://example.com/article92","フィンテック分野での最新技術とそのビジネスへの応用例を紹介します。","佐藤花子","フィンテック"
"効果的なソーシャルメディア戦略","https://example.com/article93","ソーシャルメディアを活用した効果的なマーケティング戦略を解説します。","鈴木次郎","マーケティング"
"最新バイオテクノロジーの進展","https://example.com/article94","バイオテクノロジーの最新の研究成果とその応用例を紹介します。","田中美咲","テクノロジー"
"エンタープライズソフトウェアの選び方","https://example.com/article95","企業向けソフトウェアを選ぶ際のポイントとおすすめ製品を解説します。","伊藤健一","ビジネス"
"最新モバイルアプリの紹介","https://example.com/article96","市場に出ている最新のモバイルアプリを機能面から紹介します。","山田太郎","テクノロジー"
"持続可能な農業の未来","https://example.com/article97","持続可能な農業技術とその未来について考察します。","佐藤花子","環境"
"効果的なオンライン広告の手法","https://example.com/article98","オンライン広告を効果的に行うための手法と戦略を解説します。","鈴木次郎","マーケティング"
"最新デジタルマーケティングツール","https://example.com/article99","デジタルマーケティングを支援する最新ツールを紹介します。","田中美咲","マーケティング"
"スマートシティの実現に向けて","https://example.com/article100","スマートシティの概念とその実現に向けた取り組みを紹介します。","伊藤健一","テクノロジー"
